iteration,reg,error,penalty
0,0,57.16122817993164,392.421630859375
100,0,7.473053455352783,4.167172431945801
200,0,6.9047746658325195,1.8845120668411255
300,0,6.833987712860107,1.591567039489746
400,0,6.7176690101623535,1.3970532417297363
500,0,6.604641914367676,1.2224969863891602
600,0,6.520186424255371,1.07077956199646
700,0,6.467258453369141,0.943985104560852
800,0,6.441922187805176,0.8412080407142639
900,0,6.438194751739502,0.7597011923789978
1000,0,6.449762344360352,0.6958385705947876
1100,0,6.470932483673096,0.6458418965339661
1200,0,6.49710750579834,0.6062471866607666
1300,0,6.524913787841797,0.5741461515426636
1400,0,6.552097320556641,0.5472406148910522
1500,0,6.577305316925049,0.5238085985183716
1600,0,6.599857330322266,0.5026046633720398
1700,0,6.6195292472839355,0.4827619194984436
1800,0,6.636389255523682,0.46369853615760803
1900,0,6.650674819946289,0.44504040479660034
2000,0,6.6627092361450195,0.4265606105327606
2100,0,6.672843933105469,0.4081357717514038
2200,0,6.681426048278809,0.3897124230861664
2300,0,6.688780784606934,0.3712826371192932
2400,0,6.695199012756348,0.3528697192668915
2500,0,6.7009358406066895,0.3345155417919159
2600,0,6.706213474273682,0.31627386808395386
2700,0,6.7112226486206055,0.298206090927124
2800,0,6.716128826141357,0.28037571907043457
2900,0,6.7210798263549805,0.26284870505332947
3000,0,6.726197242736816,0.24568961560726166
3100,0,6.731602191925049,0.22896122932434082
3200,0,6.737406253814697,0.2127237617969513
3300,0,6.743714332580566,0.19703309237957
3400,0,6.750637531280518,0.18194086849689484
3500,0,6.758282661437988,0.16749313473701477
3600,0,6.766770362854004,0.15372967720031738
3700,0,6.776224136352539,0.1406843066215515
3800,0,6.786781311035156,0.12838253378868103
3900,0,6.798590183258057,0.11684376001358032
4000,0,6.811820030212402,0.10607856512069702
4100,0,6.826652526855469,0.09609004855155945
4200,0,6.843297004699707,0.08687331527471542
4300,0,6.861989974975586,0.07841576635837555
4400,0,6.882998466491699,0.0706971287727356
4500,0,6.90662956237793,0.06369026750326157
4600,0,6.933232307434082,0.05736100673675537
4700,0,6.9632158279418945,0.05166948214173317
4800,0,6.997052192687988,0.04657010734081268
4900,0,7.0352935791015625,0.04201279208064079
5000,0,7.078588485717773,0.037943534553050995
5100,0,7.127693176269531,0.03430546820163727
5200,0,7.183503150939941,0.03103948011994362
5300,0,7.2470622062683105,0.028085483238101006
5400,0,7.3195905685424805,0.02538337931036949
5500,0,7.4024810791015625,0.02287455089390278
5600,0,7.497297286987305,0.02050359919667244
5700,0,7.605708122253418,0.018221251666545868
5800,0,7.729372024536133,0.015987947583198547
5900,0,7.869686126708984,0.01377945952117443
6000,0,8.02739143371582,0.01159339677542448
6100,0,8.201993942260742,0.009455693885684013
6200,0,8.391094207763672,0.007422111928462982
6300,0,8.58985424041748,0.0055708326399326324
6400,0,8.790962219238281,0.0039819213561713696
6500,0,8.985492706298828,0.0027099091093987226
6600,0,9.164603233337402,0.0017637129640206695
6700,0,9.321466445922852,0.0011069525498896837
6800,0,9.452510833740234,0.0006767994491383433
6900,0,9.557514190673828,0.0004069982096552849
7000,0,9.638757705688477,0.0002425167040200904
7100,0,9.699865341186523,0.00014381659275386482
7200,0,9.744810104370117,8.499756222590804e-05
7300,0,9.777299880981445,4.999872180633247e-05
7400,0,9.800472259521484,2.917401070590131e-05
7500,0,9.816847801208496,1.681088178884238e-05
7600,0,9.828340530395508,9.523550033918582e-06
7700,0,9.83637809753418,5.281682661006926e-06
7800,0,9.841989517211914,2.8561507861013524e-06
7900,0,9.845902442932129,1.5019650163594633e-06
8000,0,9.8486328125,7.653471243429522e-07
8100,0,9.850532531738281,3.7718362477789924e-07
8200,0,9.85185432434082,1.7915152739078621e-07
8300,0,9.85275936126709,8.21061760802877e-08
8400,0,9.853375434875488,3.601266129749092e-08
8500,0,9.853797912597656,1.5171199407859604e-08
8600,0,9.85406494140625,6.1512390736595535e-09
8700,0,9.85424518585205,2.375103669294276e-09
8800,0,9.854364395141602,9.035306391957931e-10
8900,0,9.854440689086914,3.2298541619013577e-10
9000,0,9.854482650756836,1.113381400963398e-10
9100,0,9.85450553894043,4.483267229682397e-11
9200,0,9.854522705078125,2.214685032586594e-11
9300,0,9.854530334472656,1.3722363523260839e-11
9400,0,9.854534149169922,9.70738420202899e-12
9500,0,9.854536056518555,8.009551355492306e-12
9600,0,9.854537963867188,6.813167217900595e-12
9700,0,9.854537963867188,6.0746958678581375e-12
9800,0,9.854537963867188,5.700178610373863e-12
9900,0,9.854537963867188,4.417643768156454e-12
10000,0,9.854537963867188,3.5826079516215747e-12
10100,0,9.854537963867188,2.910464187363959e-12
10200,0,9.854537963867188,2.686794363382372e-12
10300,0,9.854537963867188,2.3336066152374046e-12
10400,0,9.854537963867188,2.2911518602480863e-12
10500,0,9.854537963867188,2.068083985312663e-12
10600,0,9.854537963867188,1.6154655738120915e-12
10700,0,9.854537963867188,1.166478155387174e-12
10800,0,9.854537963867188,1.0016433212370335e-12
10900,0,9.854537963867188,6.395580137534551e-13
11000,0,9.854537963867188,5.158090209296529e-13
11100,0,9.854259490966797,1.9275979866506532e-05
11200,0,9.854543685913086,1.6789343249001831e-09
11300,0,9.85453987121582,2.0519669947580144e-13
11400,0,9.85453987121582,3.876198407387621e-13
11500,0,9.854538917541504,9.284262405097679e-14
11600,0,9.85453987121582,3.626950356803299e-13
11700,0,9.854419708251953,4.187857484794222e-05
11800,0,9.854576110839844,1.0204170841632276e-10
11900,0,9.854544639587402,3.084325763541562e-12
12000,0,9.85453987121582,4.0923097159237254e-13
12100,0,9.853827476501465,0.0007112949970178306
12200,0,9.854510307312012,8.168813181441692e-09
12300,0,9.854533195495605,5.2702759691103385e-12
12400,0,9.854537963867188,1.5399371231308856e-12
12500,0,9.854537963867188,2.729583323691359e-13
12600,0,9.854574203491211,1.6050489648478106e-05
12700,0,9.854598045349121,5.648346235176405e-09
12800,0,9.854547500610352,3.1864409114762404e-12
12900,0,9.854540824890137,6.319527691943383e-13
13000,0,9.85453987121582,9.391019862789451e-13
13100,0,9.854843139648438,7.837398879928514e-05
13200,0,9.85452651977539,2.182755781676704e-10
13300,0,9.854537963867188,7.175918886881405e-11
13400,0,9.854660034179688,2.5182755507557886e-06
13500,0,9.854548454284668,3.0265920325511786e-10
13600,0,9.854277610778809,2.594659963506274e-05
13700,0,9.854219436645508,0.00036934646777808666
13800,0,9.854551315307617,1.3731630943425444e-08
13900,0,9.854207992553711,0.00025906250812113285
14000,0,9.854610443115234,9.205748938256875e-06
14100,0,9.85433578491211,2.9186967367422767e-05
14200,0,9.85401439666748,0.00033627054654061794
14300,0,9.854549407958984,7.435800597477282e-08
14400,0,9.854413986206055,1.7575353922438808e-05
14500,0,9.854425430297852,6.010185188642936e-06
14600,0,9.85451889038086,8.173347850970458e-06
14700,0,9.854410171508789,2.349614806007594e-05
14800,0,9.854602813720703,2.3012980818748474e-05
14900,0,9.853731155395508,0.00033905392047017813
15000,0,9.854647636413574,9.432396836928092e-06
15100,0,9.854219436645508,0.00018670786812435836
15200,0,9.855154037475586,0.00012224941747263074
15300,0,9.853891372680664,0.0005797448102384806
15400,0,9.854618072509766,2.33151968132006e-06
15500,0,9.854265213012695,0.00017544253205414861
15600,0,9.854543685913086,1.7668661200787028e-07
15700,0,9.854547500610352,2.023545846441266e-07
15800,0,9.854564666748047,9.200047657031973e-07
15900,0,9.854336738586426,1.7864063920569606e-05
16000,0,9.854570388793945,7.22878780834435e-07
16100,0,9.855982780456543,0.0008094466174952686
16200,0,9.854551315307617,1.9801152006948541e-07
16300,0,9.854606628417969,3.1106119990909065e-07
16400,0,9.854700088500977,1.1343384358042385e-05
16500,0,9.85455322265625,1.5255134258040925e-06
16600,0,9.85451889038086,3.0856128887535306e-06
16700,0,9.854543685913086,4.305089973399845e-08
16800,0,9.85444164276123,7.02333272784017e-05
16900,0,9.854726791381836,1.3219561878941022e-05
17000,0,9.855968475341797,0.0016716853715479374
17100,0,9.85529899597168,0.0001904272212414071
17200,0,9.85409927368164,0.00023350867559202015
17300,0,9.854349136352539,2.2976677428232506e-05
17400,0,9.85456657409668,1.7864877008832991e-06
17500,0,9.854547500610352,5.110622964821232e-07
17600,0,9.854631423950195,4.999438715458382e-06
17700,0,9.854612350463867,4.131245077587664e-06
17800,0,9.853784561157227,0.0003007995546795428
17900,0,9.854806900024414,0.00019831304962281138
18000,0,9.854422569274902,2.956924436148256e-05
18100,0,9.854898452758789,6.019228385412134e-05
18200,0,9.854429244995117,2.827591924869921e-05
18300,0,9.854779243469238,3.200138598913327e-05
18400,0,9.854663848876953,1.8893972082878463e-05
18500,0,9.85468864440918,2.1064648535684682e-05
18600,0,9.85470199584961,9.58739110501483e-06
18700,0,9.854419708251953,4.815305601368891e-06
18800,0,9.855144500732422,0.0005529587506316602
18900,0,9.854549407958984,1.3994841729925156e-08
19000,0,9.854422569274902,1.864376463345252e-05
19100,0,9.854558944702148,9.270650735970776e-08
19200,0,9.854264259338379,0.00010535959881963208
19300,0,9.854570388793945,3.8089813187980326e-06
19400,0,9.854719161987305,4.8944079026114196e-05
19500,0,9.854548454284668,8.220956004834079e-08
19600,0,9.854510307312012,1.5981462411218672e-06
19700,0,9.85455322265625,1.7101021398957528e-07
19800,0,9.85459041595459,1.0945341699653e-07
19900,0,9.854578018188477,8.777544167060114e-07
0,1e-05,57.16122817993164,392.421630859375
100,1e-05,7.473050594329834,4.167163848876953
200,1e-05,6.904773235321045,1.8845113515853882
300,1e-05,6.833984375,1.5915653705596924
400,1e-05,6.717665195465088,1.3970506191253662
500,1e-05,6.60463809967041,1.222494125366211
600,1e-05,6.520183563232422,1.0707762241363525
700,1e-05,6.467256546020508,0.9439823627471924
800,1e-05,6.441921234130859,0.8412056565284729
900,1e-05,6.438194274902344,0.7596995830535889
1000,1e-05,6.449762344360352,0.6958378553390503
1100,1e-05,6.470931053161621,0.6458414793014526
1200,1e-05,6.497105598449707,0.6062471270561218
1300,1e-05,6.524911403656006,0.5741463899612427
1400,1e-05,6.552094459533691,0.5472408533096313
1500,1e-05,6.577301979064941,0.5238088965415955
1600,1e-05,6.599852561950684,0.5026050806045532
1700,1e-05,6.619524002075195,0.48276233673095703
1800,1e-05,6.636383056640625,0.4636988341808319
1900,1e-05,6.650668144226074,0.44504067301750183
2000,1e-05,6.662701606750488,0.4265608787536621
2100,1e-05,6.672834873199463,0.4081363379955292
2200,1e-05,6.681416034698486,0.3897128105163574
2300,1e-05,6.688770771026611,0.3712829351425171
2400,1e-05,6.695187568664551,0.3528701364994049
2500,1e-05,6.700923919677734,0.3345159888267517
2600,1e-05,6.70620059967041,0.316274493932724
2700,1e-05,6.711208343505859,0.29820647835731506
2800,1e-05,6.716114044189453,0.2803764045238495
2900,1e-05,6.721063613891602,0.26284918189048767
3000,1e-05,6.726179122924805,0.24569006264209747
3100,1e-05,6.731581687927246,0.22896194458007812
3200,1e-05,6.737384796142578,0.21272434294223785
3300,1e-05,6.743691444396973,0.19703365862369537
3400,1e-05,6.750612258911133,0.18194156885147095
3500,1e-05,6.758255958557129,0.1674937903881073
3600,1e-05,6.766740322113037,0.15373052656650543
3700,1e-05,6.776191234588623,0.1406850665807724
3800,1e-05,6.786745071411133,0.12838341295719147
3900,1e-05,6.798549175262451,0.1168447807431221
4000,1e-05,6.811774253845215,0.1060795783996582
4100,1e-05,6.826601028442383,0.09609115868806839
4200,1e-05,6.8432393074035645,0.08687460422515869
4300,1e-05,6.861924171447754,0.07841712981462479
4400,1e-05,6.882923126220703,0.07069876790046692
4500,1e-05,6.906542778015137,0.06369200348854065
4600,1e-05,6.933133602142334,0.057363007217645645
4700,1e-05,6.963101387023926,0.051671627908945084
4800,1e-05,6.996919631958008,0.04657252877950668
4900,1e-05,7.03513765335083,0.04201550409197807
5000,1e-05,7.078403472900391,0.03794672712683678
5100,1e-05,7.127474308013916,0.034309063106775284
5200,1e-05,7.183241367340088,0.03104361705482006
5300,1e-05,7.2467498779296875,0.02809026837348938
5400,1e-05,7.319215774536133,0.025388844311237335
5500,1e-05,7.402029991149902,0.02288086526095867
5600,1e-05,7.496744155883789,0.020511137321591377
5700,1e-05,7.605039119720459,0.018229972571134567
5800,1e-05,7.728564262390137,0.015997977927327156
5900,1e-05,7.868709564208984,0.01379094272851944
6000,1e-05,8.026219367980957,0.011606333777308464
6100,1e-05,8.200613021850586,0.009469670243561268
6200,1e-05,8.38949966430664,0.007436648476868868
6300,1e-05,8.588058471679688,0.00558515964075923
6400,1e-05,8.789003372192383,0.0039951736107468605
6500,1e-05,8.983428955078125,0.002721371129155159
6600,1e-05,9.162500381469727,0.0017730072140693665
6700,1e-05,9.319382667541504,0.0011140701826661825
6800,1e-05,9.45048713684082,0.0006820358103141189
6900,1e-05,9.555570602416992,0.00041074343607760966
7000,1e-05,9.636902809143066,0.0002451373729854822
7100,1e-05,9.698089599609375,0.00014563639706466347
7200,1e-05,9.74310302734375,8.6249339801725e-05
7300,1e-05,9.77564525604248,5.085901648271829e-05
7400,1e-05,9.798860549926758,2.976552968902979e-05
7500,1e-05,9.815265655517578,1.7218735592905432e-05
7600,1e-05,9.826780319213867,9.804982255445793e-06
7700,1e-05,9.834833145141602,5.477009835885838e-06
7800,1e-05,9.840455055236816,2.992373083543498e-06
7900,1e-05,9.844375610351562,1.5972722167134634e-06
8000,1e-05,9.847111701965332,8.328541412083723e-07
8100,1e-05,9.849014282226562,4.252180758612667e-07
8200,1e-05,9.850337028503418,2.137717842742859e-07
8300,1e-05,9.85124397277832,1.0760439295154356e-07
8400,1e-05,9.851860046386719,5.527591184772973e-08
8500,1e-05,9.852283477783203,3.016871019667633e-08
8600,1e-05,9.85255241394043,1.8454080930041528e-08
8700,1e-05,9.852731704711914,1.2885995381850535e-08
8800,1e-05,9.852849960327148,1.0215393864143607e-08
8900,1e-05,9.852926254272461,8.868131118333622e-09
9000,1e-05,9.852968215942383,8.248933980326001e-09
9100,1e-05,9.85299301147461,7.936237444994276e-09
9200,1e-05,9.853008270263672,7.74566277783606e-09
9300,1e-05,9.853017807006836,7.656158373947619e-09
9400,1e-05,9.853020668029785,7.62070051507635e-09
9500,1e-05,9.853021621704102,7.605148510947402e-09
9600,1e-05,9.853023529052734,7.589075146086088e-09
9700,1e-05,9.85302448272705,7.579370020494025e-09
9800,1e-05,9.853025436401367,7.577183325224723e-09
9900,1e-05,9.853025436401367,7.574212368410826e-09
10000,1e-05,9.853023529052734,7.579871841301156e-09
10100,1e-05,9.85302448272705,7.576700156164407e-09
10200,1e-05,9.853025436401367,7.574302074431216e-09
10300,1e-05,9.85302448272705,7.579694205617216e-09
10400,1e-05,9.853025436401367,7.57342988322307e-09
10500,1e-05,9.85302448272705,7.574167071311422e-09
10600,1e-05,9.85302448272705,7.573745186562064e-09
10700,1e-05,9.853023529052734,7.57947571372597e-09
10800,1e-05,9.85302448272705,7.57686802188573e-09
10900,1e-05,9.85302448272705,7.578362826166085e-09
11000,1e-05,9.85302448272705,7.57597984346603e-09
11100,1e-05,9.852934837341309,5.7140450735460036e-06
11200,1e-05,9.853026390075684,7.626066000909759e-09
11300,1e-05,9.853025436401367,7.561705928083029e-09
11400,1e-05,9.853025436401367,7.563890846995491e-09
11500,1e-05,9.853025436401367,7.562046100417774e-09
11600,1e-05,9.853025436401367,7.562870329991256e-09
11700,1e-05,9.853280067443848,1.49932657222962e-05
11800,1e-05,9.853082656860352,7.606895557898952e-09
11900,1e-05,9.853038787841797,7.450891459370723e-09
12000,1e-05,9.853727340698242,4.8512654757359996e-05
12100,1e-05,9.853019714355469,1.042662400863037e-08
12200,1e-05,9.853021621704102,7.613073726986386e-09
12300,1e-05,9.853023529052734,7.581889782670714e-09
12400,1e-05,9.853023529052734,7.579306071647807e-09
12500,1e-05,9.853116989135742,3.378797191544436e-05
12600,1e-05,9.853008270263672,8.695370645739331e-09
12700,1e-05,9.853021621704102,7.604420204643247e-09
12800,1e-05,9.853025436401367,7.576434590816916e-09
12900,1e-05,9.854854583740234,0.004564122762531042
13000,1e-05,9.853078842163086,1.0012610118792509e-07
13100,1e-05,9.853034973144531,7.490156939127246e-09
13200,1e-05,9.85302734375,7.538752733182719e-09
13300,1e-05,9.85302734375,7.548898395270953e-09
13400,1e-05,9.85302734375,7.550886138574242e-09
13500,1e-05,9.851227760314941,0.0014243879122659564
13600,1e-05,9.852996826171875,5.354626608777835e-08
13700,1e-05,9.853021621704102,7.834334958545242e-09
13800,1e-05,9.85302448272705,3.7046052625555603e-07
13900,1e-05,9.853025436401367,7.97478794112294e-09
14000,1e-05,9.854653358459473,0.0021306085400283337
14100,1e-05,9.853044509887695,6.253301876313344e-08
14200,1e-05,9.853349685668945,9.638919436838478e-05
14300,1e-05,9.85299015045166,9.474690159549937e-06
14400,1e-05,9.853026390075684,6.176634315124829e-08
14500,1e-05,9.853034973144531,1.400747260049684e-05
14600,1e-05,9.852919578552246,3.571948764147237e-05
14700,1e-05,9.853456497192383,5.559227065532468e-05
14800,1e-05,9.852958679199219,3.814344836428063e-06
14900,1e-05,9.853196144104004,6.0931313782930374e-05
15000,1e-05,9.852712631225586,6.123287312220782e-05
15100,1e-05,9.853336334228516,0.00023521302500739694
15200,1e-05,9.85302734375,1.4242756307680793e-08
15300,1e-05,9.85310173034668,3.853737780445954e-06
15400,1e-05,9.854013442993164,0.00022218165395315737
15500,1e-05,9.85302448272705,7.866104567710863e-08
15600,1e-05,9.853094100952148,2.8158533496025484e-06
15700,1e-05,9.85318374633789,1.4384363566932734e-05
15800,1e-05,9.85291862487793,1.228547262144275e-05
15900,1e-05,9.853050231933594,1.514626006837716e-07
16000,1e-05,9.852960586547852,2.1434721929836087e-05
16100,1e-05,9.853048324584961,5.091280286251276e-07
16200,1e-05,9.852962493896484,3.6117155559622915e-06
16300,1e-05,9.852485656738281,0.0009375580120831728
16400,1e-05,9.851861953735352,0.0005850971792824566
16500,1e-05,9.853195190429688,3.521428152453154e-05
16600,1e-05,9.853094100952148,6.394715455826372e-05
16700,1e-05,9.853013038635254,1.8176613139075926e-06
16800,1e-05,9.853086471557617,4.062595451159723e-07
16900,1e-05,9.852947235107422,2.4556718472013017e-06
17000,1e-05,9.853086471557617,8.116963726934046e-06
17100,1e-05,9.853031158447266,8.003588014560137e-09
17200,1e-05,9.853105545043945,6.264883722906234e-06
17300,1e-05,9.853022575378418,1.0213638006462133e-06
17400,1e-05,9.852960586547852,8.789228559180629e-06
17500,1e-05,9.851798057556152,0.0008283360511995852
17600,1e-05,9.852983474731445,7.1555114118382335e-06
17700,1e-05,9.852981567382812,6.853040758869611e-06
17800,1e-05,9.853069305419922,2.02981982511119e-06
17900,1e-05,9.853023529052734,7.196943556664337e-07
18000,1e-05,9.852521896362305,0.0001333026884822175
18100,1e-05,9.853103637695312,1.3575713637692388e-05
18200,1e-05,9.853161811828613,8.301610250782687e-06
18300,1e-05,9.853240966796875,3.88604385079816e-05
18400,1e-05,9.852985382080078,4.5832337491447106e-05
18500,1e-05,9.853200912475586,9.526756002742331e-06
18600,1e-05,9.852834701538086,0.0002862260735128075
18700,1e-05,9.853028297424316,9.768493569595194e-09
18800,1e-05,9.853019714355469,2.3805755517969374e-06
18900,1e-05,9.852956771850586,1.6697496221240726e-06
19000,1e-05,9.854955673217773,0.001435707788914442
19100,1e-05,9.853018760681152,3.842098550421724e-08
19200,1e-05,9.853105545043945,1.3542125998355914e-05
19300,1e-05,9.85302734375,1.0691866947354356e-08
19400,1e-05,9.853081703186035,1.2521074665983178e-07
19500,1e-05,9.853164672851562,5.7916629884857684e-05
19600,1e-05,9.853015899658203,3.361940343893366e-07
19700,1e-05,9.853271484375,1.1112259926449042e-05
19800,1e-05,9.853048324584961,2.5103750544985814e-07
19900,1e-05,9.853044509887695,1.5078157389325497e-07
0,0.0001,57.16122817993164,392.421630859375
100,0.0001,7.473029613494873,4.167097568511963
200,0.0001,6.904764175415039,1.884497046470642
300,0.0001,6.83396053314209,1.591546654701233
400,0.0001,6.7176337242126465,1.3970253467559814
500,0.0001,6.604607582092285,1.2224655151367188
600,0.0001,6.520158290863037,1.0707497596740723
700,0.0001,6.467238426208496,0.9439584612846375
800,0.0001,6.4419097900390625,0.8411870002746582
900,0.0001,6.438186168670654,0.759685754776001
1000,0.0001,6.449756145477295,0.6958286762237549
1100,0.0001,6.470924377441406,0.6458367109298706
1200,0.0001,6.497095108032227,0.6062456369400024
1300,0.0001,6.524895668029785,0.5741468071937561
1400,0.0001,6.552072525024414,0.5472427010536194
1500,0.0001,6.577272415161133,0.5238113403320312
1600,0.0001,6.599814414978027,0.5026080012321472
1700,0.0001,6.619476318359375,0.4827655255794525
1800,0.0001,6.636327743530273,0.4637022018432617
1900,0.0001,6.650604248046875,0.4450437128543854
2000,0.0001,6.662629127502441,0.4265638589859009
2100,0.0001,6.672754287719727,0.4081389307975769
2200,0.0001,6.681328773498535,0.3897155225276947
2300,0.0001,6.688673973083496,0.3712855875492096
2400,0.0001,6.6950836181640625,0.352872759103775
2500,0.0001,6.700811386108398,0.3345186710357666
2600,0.0001,6.706080436706543,0.31627756357192993
2700,0.0001,6.711078643798828,0.2982097864151001
2800,0.0001,6.715974807739258,0.2803797125816345
2900,0.0001,6.720913887023926,0.26285305619239807
3000,0.0001,6.726018905639648,0.2456943839788437
3100,0.0001,6.73140811920166,0.22896642982959747
3200,0.0001,6.7371954917907715,0.2127292901277542
3300,0.0001,6.743485927581787,0.19703929126262665
3400,0.0001,6.750387191772461,0.18194742500782013
3500,0.0001,6.758009910583496,0.16750018298625946
3600,0.0001,6.766470909118652,0.15373733639717102
3700,0.0001,6.775892734527588,0.1406925916671753
3800,0.0001,6.786413192749023,0.12839187681674957
3900,0.0001,6.798181533813477,0.11685402691364288
4000,0.0001,6.8113627433776855,0.10608953982591629
4100,0.0001,6.826138973236084,0.09610207378864288
4200,0.0001,6.842718601226807,0.08688647300004959
4300,0.0001,6.861332416534424,0.0784301608800888
4400,0.0001,6.882248878479004,0.07071316242218018
4500,0.0001,6.905770301818848,0.06370788812637329
4600,0.0001,6.9322428703308105,0.057380639016628265
4700,0.0001,6.962069511413574,0.05169135704636574
4800,0.0001,6.9957170486450195,0.04659464210271835
4900,0.0001,7.03372859954834,0.042040493339300156
5000,0.0001,7.076742172241211,0.03797503188252449
5100,0.0001,7.1255059242248535,0.03434133157134056
5200,0.0001,7.1808977127075195,0.031080594286322594
5300,0.0001,7.243945121765137,0.02813289500772953
5400,0.0001,7.315838813781738,0.025438327342271805
5500,0.0001,7.397948265075684,0.02293848618865013
5600,0.0001,7.491806507110596,0.020578082650899887
5700,0.0001,7.5990495681762695,0.018307890743017197
5800,0.0001,7.721309185028076,0.01608811877667904
5900,0.0001,7.859960556030273,0.013893960043787956
6000,0.0001,8.015756607055664,0.011721753515303135
6100,0.0001,8.188270568847656,0.009595127776265144
6200,0.0001,8.375227928161621,0.007567418739199638
6300,0.0001,8.571981430053711,0.00571433687582612
6400,0.0001,8.771451950073242,0.004115052986890078
6500,0.0001,8.964914321899414,0.0028254352509975433
6600,0.0001,9.143604278564453,0.0018577594310045242
6700,0.0001,9.300640106201172,0.001179424813017249
6800,0.0001,9.432281494140625,0.0007303651655092835
6900,0.0001,9.538100242614746,0.00044549437006935477
7000,0.0001,9.620206832885742,0.00026972402702085674
7100,0.0001,9.682107925415039,0.0001629012986086309
7200,0.0001,9.727725982666016,9.836890239967033e-05
7300,0.0001,9.760753631591797,5.940785558777861e-05
7400,0.0001,9.784339904785156,3.586141247069463e-05
7500,0.0001,9.801017761230469,2.1632662537740543e-05
7600,0.0001,9.812729835510254,1.3065959137747996e-05
7700,0.0001,9.8209228515625,7.948116035549901e-06
7800,0.0001,9.826641082763672,4.920353148918366e-06
7900,0.0001,9.83062744140625,3.151844794047065e-06
8000,0.0001,9.833406448364258,2.129348104062956e-06
8100,0.0001,9.835336685180664,1.5443312122442876e-06
8200,0.0001,9.836679458618164,1.2101044148948858e-06
8300,0.0001,9.837596893310547,1.0202713838225463e-06
8400,0.0001,9.838223457336426,9.111569738706748e-07
8500,0.0001,9.838651657104492,8.472964054817567e-07
8600,0.0001,9.838923454284668,8.110508247227699e-07
8700,0.0001,9.839103698730469,7.890464530646568e-07
8800,0.0001,9.839225769042969,7.754886155453278e-07
8900,0.0001,9.839302062988281,7.672782658119104e-07
9000,0.0001,9.83934497833252,7.628614184795879e-07
9100,0.0001,9.83936882019043,7.602697564834671e-07
9200,0.0001,9.839385986328125,7.585775847473997e-07
9300,0.0001,9.839393615722656,7.577756946375303e-07
9400,0.0001,9.839397430419922,7.574317351100035e-07
9500,0.0001,9.839399337768555,7.572494382657169e-07
9600,0.0001,9.839399337768555,7.57156271902204e-07
9700,0.0001,9.839401245117188,7.570193361061683e-07
9800,0.0001,9.839401245117188,7.56998645101703e-07
9900,0.0001,9.839401245117188,7.570267257506202e-07
10000,0.0001,9.839401245117188,7.570131970169314e-07
10100,0.0001,9.839401245117188,7.569674949081673e-07
10200,0.0001,9.839401245117188,7.569854005851084e-07
10300,0.0001,9.839402198791504,7.56919007471879e-07
10400,0.0001,9.839401245117188,7.57030079512333e-07
10500,0.0001,9.839401245117188,7.569887543468212e-07
10600,0.0001,9.839401245117188,7.570185402983043e-07
10700,0.0001,9.839400291442871,7.571306355202978e-07
10800,0.0001,9.839400291442871,7.571107403236965e-07
10900,0.0001,9.839401245117188,7.570964157821436e-07
11000,0.0001,9.839401245117188,7.570594675598841e-07
11100,0.0001,9.839401245117188,7.570081947960716e-07
11200,0.0001,9.839401245117188,7.570050115646154e-07
11300,0.0001,9.839340209960938,8.309652912430465e-06
11400,0.0001,9.83941650390625,7.55563576149143e-07
11500,0.0001,9.839405059814453,7.565774353679444e-07
11600,0.0001,9.839404106140137,7.567257966911711e-07
11700,0.0001,9.839404106140137,7.568248747702455e-07
11800,0.0001,9.83940315246582,7.567802526864398e-07
11900,0.0001,9.83940315246582,7.568453952444543e-07
12000,0.0001,9.838930130004883,2.9328781238291413e-05
12100,0.0001,9.839330673217773,7.695836075072293e-07
12200,0.0001,9.838683128356934,0.0002955090021714568
12300,0.0001,9.839418411254883,7.896213105595962e-07
12400,0.0001,9.839401245117188,7.57011321184109e-07
12500,0.0001,9.839475631713867,4.10781467508059e-06
12600,0.0001,9.83940315246582,7.569353783765109e-07
12700,0.0001,9.839401245117188,7.569547619823425e-07
12800,0.0001,9.839244842529297,2.234460953332018e-05
12900,0.0001,9.839411735534668,7.569061608592165e-07
13000,0.0001,9.83940315246582,7.568035584881727e-07
13100,0.0001,9.840015411376953,0.00016463128849864006
13200,0.0001,9.839398384094238,7.635975407538353e-07
13300,0.0001,9.83932876586914,1.0842120900633745e-05
13400,0.0001,9.839406967163086,7.573893299195333e-07
13500,0.0001,9.839184761047363,1.8754286429611966e-05
13600,0.0001,9.839426040649414,3.422909685468767e-06
13700,0.0001,9.839407920837402,7.56636836740654e-07
13800,0.0001,9.839494705200195,6.227255653357133e-06
13900,0.0001,9.839488983154297,1.0192794434260577e-05
14000,0.0001,9.83932876586914,0.00013063756341580302
14100,0.0001,9.83878231048584,0.00020669071818701923
14200,0.0001,9.839506149291992,1.4397339327842928e-05
14300,0.0001,9.839712142944336,0.00018518725119065493
14400,0.0001,9.839414596557617,8.164544169630972e-07
14500,0.0001,9.839387893676758,1.2945718026458053e-06
14600,0.0001,9.838951110839844,0.0006596458260901272
14700,0.0001,9.839418411254883,8.12758230495092e-07
14800,0.0001,9.83938980102539,5.4710467338736635e-06
14900,0.0001,9.839401245117188,1.007491619020584e-06
15000,0.0001,9.839909553527832,0.00013161891547497362
15100,0.0001,9.839213371276855,7.901447679614648e-05
15200,0.0001,9.840113639831543,0.0006629194249399006
15300,0.0001,9.83922004699707,1.4265589925344102e-05
15400,0.0001,9.839634895324707,2.7128433430334553e-05
15500,0.0001,9.84012222290039,0.00024504901375621557
15600,0.0001,9.839378356933594,9.838520782068372e-06
15700,0.0001,9.839856147766113,0.0003959605819545686
15800,0.0001,9.839216232299805,1.3636181392939761e-05
15900,0.0001,9.839365005493164,1.8338650988880545e-06
16000,0.0001,9.838376998901367,0.0003262548125348985
16100,0.0001,9.839345932006836,0.00023986292944755405
16200,0.0001,9.839481353759766,8.589226490585133e-05
16300,0.0001,9.839836120605469,0.00020488760492298752
16400,0.0001,9.839588165283203,0.00010014548024628311
16500,0.0001,9.838696479797363,0.00018156872829422355
16600,0.0001,9.839725494384766,0.00019024555513169616
16700,0.0001,9.838569641113281,0.0010840485338121653
16800,0.0001,9.839656829833984,3.332023334223777e-05
16900,0.0001,9.839590072631836,5.8897974668070674e-05
17000,0.0001,9.839420318603516,7.632482947883545e-07
17100,0.0001,9.839343070983887,1.8106069319401286e-06
17200,0.0001,9.840278625488281,0.00046994269359856844
17300,0.0001,9.8394136428833,7.627335207871511e-07
17400,0.0001,9.839422225952148,1.1715285381797003e-06
17500,0.0001,9.839468955993652,5.689369572792202e-06
17600,0.0001,9.838781356811523,0.00012945658818352968
17700,0.0001,9.839193344116211,0.00016113632591441274
17800,0.0001,9.8394136428833,9.439720543014118e-07
17900,0.0001,9.839408874511719,1.5965133570716716e-06
18000,0.0001,9.839349746704102,1.741957021295093e-06
18100,0.0001,9.839319229125977,2.1531439415412024e-05
18200,0.0001,9.839681625366211,4.95038548251614e-05
18300,0.0001,9.83957290649414,1.5196586900856346e-05
18400,0.0001,9.840982437133789,0.0008597471169196069
18500,0.0001,9.839417457580566,1.0531337011343567e-06
18600,0.0001,9.839590072631836,4.2480274714762345e-05
18700,0.0001,9.839489936828613,5.497177880897652e-06
18800,0.0001,9.839432716369629,1.0136714081454556e-06
18900,0.0001,9.839280128479004,7.463580004696269e-06
19000,0.0001,9.83945369720459,2.906682766479207e-06
19100,0.0001,9.84030532836914,0.00046523171477019787
19200,0.0001,9.83946418762207,7.348966391873546e-06
19300,0.0001,9.839410781860352,1.5291809177142568e-05
19400,0.0001,9.839269638061523,9.332164154329803e-06
19500,0.0001,9.839452743530273,1.5500315839744871e-06
19600,0.0001,9.840303421020508,0.0007451764540746808
19700,0.0001,9.839963912963867,0.0011558616533875465
19800,0.0001,9.839408874511719,7.595800752824289e-07
19900,0.0001,9.839481353759766,1.1880796364494017e-06
0,0.001,57.16122817993164,392.421630859375
100,0.001,7.4728264808654785,4.166436672210693
200,0.001,6.9046735763549805,1.8843600749969482
300,0.001,6.8337249755859375,1.5913703441619873
400,0.001,6.717313766479492,1.396773338317871
500,0.001,6.6042985916137695,1.2221870422363281
600,0.001,6.519906997680664,1.070481300354004
700,0.001,6.467055320739746,0.9437251687049866
800,0.001,6.441788673400879,0.8410022854804993
900,0.001,6.438108444213867,0.7595536112785339
1000,0.001,6.44969367980957,0.695744514465332
1100,0.001,6.470850944519043,0.6457924842834473
1200,0.001,6.496986389160156,0.6062321066856384
1300,0.001,6.52473258972168,0.5741535425186157
1400,0.001,6.551839828491211,0.5472630262374878
1500,0.001,6.576963424682617,0.5238393545150757
1600,0.001,6.599425315856934,0.5026391744613647
1700,0.001,6.61900520324707,0.4827967882156372
1800,0.001,6.635771751403809,0.46373265981674194
1900,0.001,6.649965763092041,0.4450732469558716
2000,0.001,6.661910057067871,0.4265921711921692
2100,0.001,6.671957015991211,0.40816637873649597
2200,0.001,6.680453300476074,0.3897421658039093
2300,0.001,6.68772029876709,0.3713127076625824
2400,0.001,6.6940507888793945,0.3529004454612732
2500,0.001,6.699697494506836,0.33454757928848267
2600,0.001,6.7048797607421875,0.3163083791732788
2700,0.001,6.7097883224487305,0.2982428967952728
2800,0.001,6.714587211608887,0.28041595220565796
2900,0.001,6.71941614151001,0.2628921568393707
3000,0.001,6.7244062423706055,0.24573706090450287
3100,0.001,6.729668617248535,0.22901278734207153
3200,0.001,6.73530912399292,0.21277961134910583
3300,0.001,6.7414374351501465,0.19709384441375732
3400,0.001,6.7481536865234375,0.18200695514678955
3500,0.001,6.755565643310547,0.1675647348165512
3600,0.001,6.763786315917969,0.1538076549768448
3700,0.001,6.772932052612305,0.14076898992061615
3800,0.001,6.783133506774902,0.12847521901130676
3900,0.001,6.79453182220459,0.11694469302892685
4000,0.001,6.807281017303467,0.10618913173675537
4100,0.001,6.82155704498291,0.09621074795722961
4200,0.001,6.837551116943359,0.08700553327798843
4300,0.001,6.855475425720215,0.07856105268001556
4400,0.001,6.875577449798584,0.07085739076137543
4500,0.001,6.898129463195801,0.06386750936508179
4600,0.001,6.92344856262207,0.05755787342786789
4700,0.001,6.951892852783203,0.05188906565308571
4800,0.001,6.983877182006836,0.046816129237413406
4900,0.001,7.0198822021484375,0.042289771139621735
5000,0.001,7.060463905334473,0.03825689107179642
5100,0.001,7.106266975402832,0.03466183692216873
5200,0.001,7.158041954040527,0.03144696727395058
5300,0.001,7.216658115386963,0.028553875163197517
5400,0.001,7.28311824798584,0.0259243194013834
5500,0.001,7.35856294631958,0.023501602932810783
5600,0.001,7.444255828857422,0.02123222127556801
5700,0.001,7.541563987731934,0.019067170098423958
5800,0.001,7.651854991912842,0.016965696588158607
5900,0.001,7.77634334564209,0.014898283407092094
6000,0.001,7.915825843811035,0.012851654551923275
6100,0.001,8.070280075073242,0.010833744890987873
6200,0.001,8.238370895385742,0.008876655250787735
6300,0.001,8.416961669921875,0.007035059854388237
6400,0.001,8.600873947143555,0.00537573779001832
6500,0.001,8.783180236816406,0.003959304187446833
6600,0.001,8.95619010925293,0.0028205164708197117
6700,0.001,9.112922668457031,0.0019577504135668278
6800,0.001,9.248491287231445,0.0013375235721468925
6900,0.001,9.360793113708496,0.0009096024441532791
7000,0.001,9.450338363647461,0.0006225752294994891
7100,0.001,9.51945972442627,0.00043324698344804347
7200,0.001,9.571418762207031,0.00030936149414628744
7300,0.001,9.609644889831543,0.00022850645473226905
7400,0.001,9.637296676635742,0.00017573524382896721
7500,0.001,9.657032012939453,0.00014126351743470877
7600,0.001,9.670984268188477,0.00011873301264131442
7700,0.001,9.680767059326172,0.00010401103645563126
7800,0.001,9.687593460083008,9.438660345040262e-05
7900,0.001,9.692346572875977,8.808458369458094e-05
8000,0.001,9.695636749267578,8.395579061470926e-05
8100,0.001,9.697915077209473,8.12362486612983e-05
8200,0.001,9.699478149414062,7.945141987875104e-05
8300,0.001,9.700546264648438,7.82720890128985e-05
8400,0.001,9.701269149780273,7.749754149699584e-05
8500,0.001,9.701751708984375,7.69906910136342e-05
8600,0.001,9.702075958251953,7.665625162189826e-05
8700,0.001,9.702280044555664,7.644801371498033e-05
8800,0.001,9.702415466308594,7.630912296008319e-05
8900,0.001,9.702502250671387,7.622111297678202e-05
9000,0.001,9.702548027038574,7.617430674144998e-05
9100,0.001,9.702574729919434,7.61470728321001e-05
9200,0.001,9.70258903503418,7.613252091687173e-05
9300,0.001,9.702596664428711,7.612480840180069e-05
9400,0.001,9.702597618103027,7.612319313921034e-05
9500,0.001,9.702596664428711,7.612390618305653e-05
9600,0.001,9.702590942382812,7.612757326569408e-05
9700,0.001,9.70258903503418,7.61290211812593e-05
9800,0.001,9.702585220336914,7.613142224727198e-05
9900,0.001,9.702585220336914,7.613136403961107e-05
10000,0.001,9.702581405639648,7.613340858370066e-05
10100,0.001,9.702579498291016,7.613523484906182e-05
10200,0.001,9.70257568359375,7.613704656250775e-05
10300,0.001,9.702573776245117,7.613775960635394e-05
10400,0.001,9.7025728225708,7.613731577293947e-05
10500,0.001,9.702571868896484,7.613872003275901e-05
10600,0.001,9.702569961547852,7.613898924319074e-05
10700,0.001,9.702566146850586,7.614125206600875e-05
10800,0.001,9.702566146850586,7.614039350301027e-05
10900,0.001,9.70256233215332,7.614213973283768e-05
11000,0.001,9.702526092529297,0.0001385614013997838
11100,0.001,9.702552795410156,7.614911010023206e-05
11200,0.001,9.702554702758789,7.614545029355213e-05
11300,0.001,9.70261001586914,9.350056643597782e-05
11400,0.001,9.702555656433105,7.614204514538869e-05
11500,0.001,9.702363014221191,0.00015229714335873723
11600,0.001,9.702581405639648,7.633799395989627e-05
11700,0.001,9.702545166015625,7.614628702867776e-05
11800,0.001,9.702615737915039,7.841851765988395e-05
11900,0.001,9.704011917114258,0.0006692658644169569
12000,0.001,9.70252799987793,7.619254756718874e-05
12100,0.001,9.702482223510742,7.971115701366216e-05
12200,0.001,9.702749252319336,0.00010444736108183861
12300,0.001,9.70240592956543,8.845557749737054e-05
12400,0.001,9.702537536621094,7.61926276027225e-05
12500,0.001,9.702604293823242,7.662430289201438e-05
12600,0.001,9.702531814575195,7.645283039892092e-05
12700,0.001,9.70253849029541,7.773482502670959e-05
12800,0.001,9.702432632446289,8.121591963572428e-05
12900,0.001,9.702754974365234,0.00011021977115888149
13000,0.001,9.70268440246582,0.00010779406875371933
13100,0.001,9.702966690063477,0.00034743084688670933
13200,0.001,9.702507019042969,7.618068775627762e-05
13300,0.001,9.70281982421875,0.00010230517364107072
13400,0.001,9.70406723022461,0.0009203992085531354
13500,0.001,9.702478408813477,7.618874951731414e-05
13600,0.001,9.702608108520508,8.355030149687082e-05
13700,0.001,9.702479362487793,8.212863758672029e-05
13800,0.001,9.70302963256836,0.00017180181748699397
13900,0.001,9.702981948852539,0.00023711725953035057
14000,0.001,9.70218563079834,0.0002182223688578233
14100,0.001,9.702540397644043,8.21219728095457e-05
14200,0.001,9.702601432800293,8.198607247322798e-05
14300,0.001,9.70256519317627,0.00011161568545503542
14400,0.001,9.70248031616211,7.629647006979212e-05
14500,0.001,9.70242691040039,7.750884833512828e-05
14600,0.001,9.70247745513916,7.663892029086128e-05
14700,0.001,9.702744483947754,0.00012166886881459504
14800,0.001,9.702539443969727,7.787624053889886e-05
14900,0.001,9.702229499816895,0.0007670147460885346
15000,0.001,9.703065872192383,0.000619955884758383
15100,0.001,9.702445983886719,7.625874422956258e-05
15200,0.001,9.702312469482422,8.961398270912468e-05
15300,0.001,9.702309608459473,0.00011374455789336935
15400,0.001,9.702352523803711,9.130009129876271e-05
15500,0.001,9.703563690185547,0.00041435391176491976
15600,0.001,9.703554153442383,0.001225477084517479
15700,0.001,9.703096389770508,0.00027071154909208417
15800,0.001,9.702341079711914,0.00033035356318578124
15900,0.001,9.701836585998535,0.0001646551099838689
16000,0.001,9.702377319335938,7.633641507709399e-05
16100,0.001,9.702459335327148,7.628900493727997e-05
16200,0.001,9.702280044555664,8.135396637953818e-05
16300,0.001,9.70236587524414,0.00010319129069102928
16400,0.001,9.702432632446289,7.676292443647981e-05
16500,0.001,9.702362060546875,7.633423956576735e-05
16600,0.001,9.70240592956543,7.641098636668175e-05
16700,0.001,9.702425003051758,7.67938545322977e-05
16800,0.001,9.702373504638672,7.683686271775514e-05
16900,0.001,9.702400207519531,7.62792769819498e-05
17000,0.001,9.700891494750977,0.0015798904933035374
17100,0.001,9.702203750610352,0.0003733714111149311
17200,0.001,9.702291488647461,0.00010454953007865697
17300,0.001,9.702376365661621,7.646796439075842e-05
17400,0.001,9.702424049377441,0.00020500164828263223
17500,0.001,9.702348709106445,7.624530553584918e-05
17600,0.001,9.702444076538086,8.203685138141736e-05
17700,0.001,9.702364921569824,7.703504525125027e-05
17800,0.001,9.70230484008789,0.000126322585856542
17900,0.001,9.70261001586914,0.00010959610517602414
18000,0.001,9.702327728271484,7.6360534876585e-05
18100,0.001,9.702402114868164,7.724378519924358e-05
18200,0.001,9.702247619628906,7.873932190705091e-05
18300,0.001,9.702932357788086,0.0005623383331112564
18400,0.001,9.701131820678711,0.0006728274747729301
18500,0.001,9.702311515808105,7.627790910191834e-05
18600,0.001,9.702333450317383,7.983575778780505e-05
18700,0.001,9.702399253845215,8.045315917115659e-05
18800,0.001,9.703471183776855,0.0017550491029396653
18900,0.001,9.702615737915039,0.00010320041474187747
19000,0.001,9.701761245727539,0.0002772857842501253
19100,0.001,9.702290534973145,7.701654976699501e-05
19200,0.001,9.701610565185547,0.0003823318693321198
19300,0.001,9.702473640441895,0.0001450559648219496
19400,0.001,9.702287673950195,7.627082231920213e-05
19500,0.001,9.702342987060547,8.170900400727987e-05
19600,0.001,9.702268600463867,7.652440399397165e-05
19700,0.001,9.701711654663086,0.00098318827804178
19800,0.001,9.702253341674805,7.691557402722538e-05
19900,0.001,9.702276229858398,7.645130972377956e-05
0,0.01,57.16122817993164,392.421630859375
100,0.01,7.470770359039307,4.159778118133545
200,0.01,6.903759479522705,1.8829741477966309
300,0.01,6.831351280212402,1.5895702838897705
400,0.01,6.714103698730469,1.394235372543335
500,0.01,6.601202011108398,1.2193748950958252
600,0.01,6.5173845291137695,1.0677740573883057
700,0.01,6.465232849121094,0.941377580165863
800,0.01,6.440590858459473,0.8391522169113159
900,0.01,6.4373321533203125,0.758232831954956
1000,0.01,6.449072360992432,0.6949108242988586
1100,0.01,6.4701128005981445,0.6453620791435242
1200,0.01,6.4958906173706055,0.6061062812805176
1300,0.01,6.523090362548828,0.5742399096488953
1400,0.01,6.549518585205078,0.5474846959114075
1500,0.01,6.573878765106201,0.5241370797157288
1600,0.01,6.595532417297363,0.5029714703559875
1700,0.01,6.614287376403809,0.48313915729522705
1800,0.01,6.63023567199707,0.46407008171081543
1900,0.01,6.643624305725098,0.44539952278137207
2000,0.01,6.654781818389893,0.42690765857696533
2100,0.01,6.664056301116943,0.40847426652908325
2200,0.01,6.6717915534973145,0.3900480568408966
2300,0.01,6.678301811218262,0.3716219365596771
2400,0.01,6.683866024017334,0.35321933031082153
2500,0.01,6.688726425170898,0.3348819315433502
2600,0.01,6.69309139251709,0.31666284799575806
2700,0.01,6.697134971618652,0.29862239956855774
2800,0.01,6.701007843017578,0.28082379698753357
2900,0.01,6.704832553863525,0.2633318603038788
3000,0.01,6.708718299865723,0.24621149897575378
3100,0.01,6.712762355804443,0.22952507436275482
3200,0.01,6.717049598693848,0.21333296597003937
3300,0.01,6.72166109085083,0.19769127666950226
3400,0.01,6.726667404174805,0.18265192210674286
3500,0.01,6.732145309448242,0.16826143860816956
3600,0.01,6.7381696701049805,0.15456078946590424
3700,0.01,6.744812965393066,0.1415836066007614
3800,0.01,6.752152919769287,0.12935709953308105
3900,0.01,6.7602667808532715,0.11790107190608978
4000,0.01,6.769237518310547,0.1072273999452591
4100,0.01,6.779148101806641,0.09734071046113968
4200,0.01,6.790084362030029,0.08823767304420471
4300,0.01,6.802136421203613,0.07990742474794388
4400,0.01,6.815395355224609,0.07233191281557083
4500,0.01,6.829955577850342,0.06548627465963364
4600,0.01,6.84591007232666,0.059339508414268494
4700,0.01,6.863358497619629,0.0538550466299057
4800,0.01,6.882396697998047,0.048991452902555466
4900,0.01,6.903120517730713,0.04470362141728401
5000,0.01,6.925625801086426,0.040943387895822525
5100,0.01,6.950004577636719,0.03766082972288132
5200,0.01,6.976346015930176,0.034805022180080414
5300,0.01,7.004734992980957,0.032325323671102524
5400,0.01,7.035243988037109,0.030172139406204224
5500,0.01,7.067938804626465,0.0282980315387249
5600,0.01,7.102870941162109,0.026658466085791588
5700,0.01,7.140071868896484,0.025212589651346207
5800,0.01,7.179551601409912,0.023923629894852638
5900,0.01,7.221297264099121,0.022759487852454185
6000,0.01,7.2652587890625,0.021692806854844093
6100,0.01,7.311348915100098,0.020701119676232338
6200,0.01,7.359441757202148,0.019766556099057198
6300,0.01,7.409355163574219,0.018875831738114357
6400,0.01,7.460848808288574,0.0180196650326252
6500,0.01,7.513629913330078,0.01719232089817524
6600,0.01,7.5673418045043945,0.016391148790717125
6700,0.01,7.621557235717773,0.015616065822541714
6800,0.01,7.675797462463379,0.014868861064314842
6900,0.01,7.729528903961182,0.014152785763144493
7000,0.01,7.78217887878418,0.013471927493810654
7100,0.01,7.833162307739258,0.012830685824155807
7200,0.01,7.881895065307617,0.01223338209092617
7300,0.01,7.927835464477539,0.011683669872581959
7400,0.01,7.9705095291137695,0.011184348724782467
7500,0.01,8.009533882141113,0.010737026110291481
7600,0.01,8.04465103149414,0.010341988876461983
7700,0.01,8.075729370117188,0.009998244233429432
7800,0.01,8.102766036987305,0.009703601710498333
7900,0.01,8.125886917114258,0.009454836137592793
8000,0.01,8.145313262939453,0.00924804899841547
8100,0.01,8.161355972290039,0.009078730829060078
8200,0.01,8.174370765686035,0.008942238055169582
8300,0.01,8.184741973876953,0.00883390847593546
8400,0.01,8.19286060333252,0.008749266155064106
8500,0.01,8.199092864990234,0.008684187196195126
8600,0.01,8.203788757324219,0.008634922094643116
8700,0.01,8.20724868774414,0.00859826896339655
8800,0.01,8.209741592407227,0.008571435697376728
8900,0.01,8.211492538452148,0.008552053943276405
9000,0.01,8.212688446044922,0.008538239635527134
9100,0.01,8.213462829589844,0.00852859765291214
9200,0.01,8.213935852050781,0.00852192286401987
9300,0.01,8.214200973510742,0.008517244830727577
9400,0.01,8.214326858520508,0.008513850159943104
9500,0.01,8.214349746704102,0.008511408232152462
9600,0.01,8.214296340942383,0.008509604260325432
9700,0.01,8.214202880859375,0.008508087135851383
9800,0.01,8.214085578918457,0.00850666593760252
9900,0.01,8.213946342468262,0.008505329489707947
10000,0.01,8.213785171508789,0.008504070341587067
10100,0.01,8.213607788085938,0.008502819575369358
10200,0.01,8.213415145874023,0.008501576259732246
10300,0.01,8.213203430175781,0.008500310592353344
10400,0.01,8.212984085083008,0.008498955518007278
10500,0.01,8.212757110595703,0.008497493341565132
10600,0.01,8.2125244140625,0.008495861664414406
10700,0.01,8.21227741241455,0.008494165726006031
10800,0.01,8.212017059326172,0.008492380380630493
10900,0.01,8.21174430847168,0.008490475825965405
11000,0.01,8.211503982543945,0.008501446805894375
11100,0.01,8.211191177368164,0.008486240170896053
11200,0.01,8.210848808288574,0.008502108976244926
11300,0.01,8.210622787475586,0.008481482975184917
11400,0.01,8.210615158081055,0.008702069520950317
11500,0.01,8.210067749023438,0.008476078510284424
11600,0.01,8.209454536437988,0.008749628439545631
11700,0.01,8.209534645080566,0.008470190688967705
11800,0.01,8.209264755249023,0.008476119488477707
11900,0.01,8.208979606628418,0.00846425723284483
12000,0.01,8.208656311035156,0.008463309146463871
12100,0.01,8.208536148071289,0.008481406606733799
12200,0.01,8.208025932312012,0.008456368930637836
12300,0.01,8.207632064819336,0.008468154817819595
12400,0.01,8.207406997680664,0.008450713008642197
12500,0.01,8.206965446472168,0.008464901708066463
12600,0.01,8.206062316894531,0.008987249806523323
12700,0.01,8.206415176391602,0.008442974649369717
12800,0.01,8.20612907409668,0.008440021425485611
12900,0.01,8.205733299255371,0.008439138531684875
13000,0.01,8.205450057983398,0.008436686359345913
13100,0.01,8.205282211303711,0.008494256995618343
13200,0.01,8.204689025878906,0.008432082831859589
13300,0.01,8.204071044921875,0.008522911928594112
13400,0.01,8.20404052734375,0.008424399420619011
13500,0.01,8.203754425048828,0.008424952626228333
13600,0.01,8.2033052444458,0.008419420570135117
13700,0.01,8.202984809875488,0.008416982367634773
13800,0.01,8.202914237976074,0.008536706678569317
13900,0.01,8.202001571655273,0.008755970746278763
14000,0.01,8.201873779296875,0.008409126661717892
14100,0.01,8.201513290405273,0.008425835520029068
14200,0.01,8.200360298156738,0.009047856554389
14300,0.01,8.200516700744629,0.009261355735361576
14400,0.01,8.20041561126709,0.0083986297249794
14500,0.01,8.199637413024902,0.008660995401442051
14600,0.01,8.199687957763672,0.008405491709709167
14700,0.01,8.199307441711426,0.008417037315666676
14800,0.01,8.19894027709961,0.008394313976168633
14900,0.01,8.198568344116211,0.00840805098414421
15000,0.01,8.198753356933594,0.008796818554401398
15100,0.01,8.198335647583008,0.0092728640884161
15200,0.01,8.196733474731445,0.008755982853472233
15300,0.01,8.196937561035156,0.0084306038916111
15400,0.01,8.195808410644531,0.009300950914621353
15500,0.01,8.195990562438965,0.008622046560049057
15600,0.01,8.195798873901367,0.008367314003407955
15700,0.01,8.195354461669922,0.008373169228434563
15800,0.01,8.195232391357422,0.008501444011926651
15900,0.01,8.194640159606934,0.008359409868717194
16000,0.01,8.194157600402832,0.008376957848668098
16100,0.01,8.193717956542969,0.009361461736261845
16200,0.01,8.193460464477539,0.008351855911314487
16300,0.01,8.193140029907227,0.008351381868124008
16400,0.01,8.192076683044434,0.009353671222925186
16500,0.01,8.19216537475586,0.008504489436745644
16600,0.01,8.19186019897461,0.008350799791514874
16700,0.01,8.19149398803711,0.008339546620845795
16800,0.01,8.191091537475586,0.008338574320077896
16900,0.01,8.190759658813477,0.008333280682563782
17000,0.01,8.190336227416992,0.008331972174346447
17100,0.01,8.189952850341797,0.008327823132276535
17200,0.01,8.189443588256836,0.008401020430028439
17300,0.01,8.189159393310547,0.008322466164827347
17400,0.01,8.188308715820312,0.009603318758308887
17500,0.01,8.188355445861816,0.008317293599247932
17600,0.01,8.18793773651123,0.008359313011169434
17700,0.01,8.187586784362793,0.008311992511153221
17800,0.01,8.187496185302734,0.008528915233910084
17900,0.01,8.186811447143555,0.008306777104735374
18000,0.01,8.186439514160156,0.00830582994967699
18100,0.01,8.186055183410645,0.00830512773245573
18200,0.01,8.185690879821777,0.008298937231302261
18300,0.01,8.185262680053711,0.008296978659927845
18400,0.01,8.184883117675781,0.008318672887980938
18500,0.01,8.184385299682617,0.00830385833978653
18600,0.01,8.184176445007324,0.008338116109371185
18700,0.01,8.18368911743164,0.00828977208584547
18800,0.01,8.18276309967041,0.008820977061986923
18900,0.01,8.182547569274902,0.00987295899540186
19000,0.01,8.182040214538574,0.008864504285156727
19100,0.01,8.18189811706543,0.008731300011277199
19200,0.01,8.181873321533203,0.008277264423668385
19300,0.01,8.181211471557617,0.00869094766676426
19400,0.01,8.18104362487793,0.008267978206276894
19500,0.01,8.180821418762207,0.008275759406387806
19600,0.01,8.18027114868164,0.008263111114501953
19700,0.01,8.179906845092773,0.008267215453088284
19800,0.01,8.179497718811035,0.008261606097221375
19900,0.01,8.178850173950195,0.009122392162680626
0,0.1,57.16122817993164,392.421630859375
100,0.1,7.448592185974121,4.087952613830566
200,0.1,6.893777847290039,1.8680977821350098
300,0.1,6.806153297424316,1.5703824758529663
400,0.1,6.681221008300781,1.3678371906280518
500,0.1,6.570330619812012,1.1906530857086182
600,0.1,6.492825508117676,1.0406219959259033
700,0.1,6.447904586791992,0.9183499217033386
800,0.1,6.4293975830078125,0.8215130567550659
900,0.1,6.42997932434082,0.7461593747138977
1000,0.1,6.442787170410156,0.6878488063812256
1100,0.1,6.462214469909668,0.6423888206481934
1200,0.1,6.484148025512695,0.6062201857566833
1300,0.1,6.505860805511475,0.5765330791473389
1400,0.1,6.525741100311279,0.551222562789917
1500,0.1,6.542989730834961,0.528773307800293
1600,0.1,6.55734920501709,0.5081323981285095
1700,0.1,6.568892478942871,0.4885863661766052
1800,0.1,6.5778679847717285,0.4696737229824066
1900,0.1,6.5846099853515625,0.4511004388332367
2000,0.1,6.589468479156494,0.4326938986778259
2100,0.1,6.592769622802734,0.41436299681663513
2200,0.1,6.5948076248168945,0.3960685133934021
2300,0.1,6.5958251953125,0.37780874967575073
2400,0.1,6.596025466918945,0.35960593819618225
2500,0.1,6.595566749572754,0.3414979875087738
2600,0.1,6.594573020935059,0.3235335052013397
2700,0.1,6.593135833740234,0.3057684004306793
2800,0.1,6.591328144073486,0.2882624864578247
2900,0.1,6.589199066162109,0.27107858657836914
3000,0.1,6.586785316467285,0.25427955389022827
3100,0.1,6.584114074707031,0.23792779445648193
3200,0.1,6.581205368041992,0.22208349406719208
3300,0.1,6.578071594238281,0.20680493116378784
3400,0.1,6.574728012084961,0.1921449601650238
3500,0.1,6.571183204650879,0.1781519055366516
3600,0.1,6.567447185516357,0.16486820578575134
3700,0.1,6.5635294914245605,0.15233002603054047
3800,0.1,6.559442043304443,0.14056572318077087
3900,0.1,6.555196762084961,0.12959641218185425
4000,0.1,6.55080509185791,0.11943502724170685
4100,0.1,6.546281814575195,0.11008671671152115
4200,0.1,6.541643142700195,0.1015484631061554
4300,0.1,6.536907196044922,0.09380914270877838
4400,0.1,6.532092094421387,0.08685030788183212
4500,0.1,6.527219772338867,0.08064624667167664
4600,0.1,6.52231502532959,0.07516488432884216
4700,0.1,6.51740026473999,0.07036830484867096
4800,0.1,6.512503623962402,0.06621436774730682
4900,0.1,6.507652282714844,0.06265649199485779
5000,0.1,6.502873420715332,0.059645675122737885
5100,0.1,6.49819803237915,0.05713110417127609
5200,0.1,6.493651390075684,0.0550614558160305
5300,0.1,6.489262580871582,0.053385455161333084
5400,0.1,6.485055923461914,0.052053216844797134
5500,0.1,6.481053352355957,0.051016952842473984
5600,0.1,6.477272987365723,0.05023154243826866
5700,0.1,6.47373104095459,0.049655355513095856
5800,0.1,6.470438480377197,0.049250274896621704
5900,0.1,6.467403411865234,0.0489821694791317
6000,0.1,6.464625358581543,0.048821382224559784
6100,0.1,6.462104797363281,0.04874209314584732
6200,0.1,6.459840774536133,0.04872211068868637
6300,0.1,6.457818984985352,0.04874387010931969
6400,0.1,6.456027984619141,0.048792921006679535
6500,0.1,6.4544548988342285,0.04885777831077576
6600,0.1,6.453084468841553,0.04892977699637413
6700,0.1,6.451897621154785,0.04900268465280533
6800,0.1,6.450878143310547,0.04907232150435448
6900,0.1,6.450005531311035,0.04913588613271713
7000,0.1,6.449261665344238,0.049191996455192566
7100,0.1,6.448629379272461,0.04923999309539795
7200,0.1,6.448089599609375,0.049280062317848206
7300,0.1,6.447629451751709,0.049312692135572433
7400,0.1,6.447230815887451,0.049338746815919876
7500,0.1,6.446881294250488,0.04935905337333679
7600,0.1,6.446569442749023,0.04937465861439705
7700,0.1,6.446285247802734,0.04938632622361183
7800,0.1,6.446019172668457,0.04939492419362068
7900,0.1,6.445764541625977,0.04940112680196762
8000,0.1,6.445514678955078,0.04940546303987503
8100,0.1,6.445262908935547,0.04940860718488693
8200,0.1,6.44500732421875,0.0494106151163578
8300,0.1,6.444743633270264,0.0494118332862854
8400,0.1,6.444467544555664,0.04941274970769882
8500,0.1,6.444179534912109,0.049413133412599564
8600,0.1,6.443874835968018,0.04941331595182419
8700,0.1,6.443553447723389,0.04941314086318016
8800,0.1,6.443212509155273,0.049412813037633896
8900,0.1,6.4428510665893555,0.049412231892347336
9000,0.1,6.442468166351318,0.049411315470933914
9100,0.1,6.442058563232422,0.04941032454371452
9200,0.1,6.441625595092773,0.04940890520811081
9300,0.1,6.441164493560791,0.04940706491470337
9400,0.1,6.440672874450684,0.04940491169691086
9500,0.1,6.44014835357666,0.049402233213186264
9600,0.1,6.439591407775879,0.049398913979530334
9700,0.1,6.438997268676758,0.049394890666007996
9800,0.1,6.438361644744873,0.04939015209674835
9900,0.1,6.437685012817383,0.04938439652323723
10000,0.1,6.436962604522705,0.049377426505088806
10100,0.1,6.436190605163574,0.04936917871236801
10200,0.1,6.435366630554199,0.04935930669307709
10300,0.1,6.434486389160156,0.04934754595160484
10400,0.1,6.43354606628418,0.04933357238769531
10500,0.1,6.43254280090332,0.049316901713609695
10600,0.1,6.4314727783203125,0.04929712414741516
10700,0.1,6.430332183837891,0.04927355423569679
10800,0.1,6.4291205406188965,0.04924561828374863
10900,0.1,6.427833557128906,0.049212612211704254
11000,0.1,6.426514148712158,0.04917704313993454
11100,0.1,6.425159454345703,0.04912887141108513
11200,0.1,6.42374324798584,0.04907858744263649
11300,0.1,6.42236328125,0.0490218847990036
11400,0.1,6.420943260192871,0.04895840212702751
11500,0.1,6.419496536254883,0.04900198429822922
11600,0.1,6.418206691741943,0.048814717680215836
11700,0.1,6.416844367980957,0.0487406961619854
11800,0.1,6.415632724761963,0.048653099685907364
11900,0.1,6.4144439697265625,0.04856792092323303
12000,0.1,6.413313388824463,0.048484086990356445
12100,0.1,6.412309646606445,0.048400163650512695
12200,0.1,6.411259651184082,0.05007385089993477
12300,0.1,6.410569190979004,0.048234857618808746
12400,0.1,6.409801483154297,0.048165757209062576
12500,0.1,6.409156799316406,0.04809283837676048
12600,0.1,6.408436298370361,0.05015784129500389
12700,0.1,6.408102989196777,0.04796411469578743
12800,0.1,6.407651901245117,0.04791641980409622
12900,0.1,6.407297134399414,0.04787050560116768
13000,0.1,6.406904220581055,0.048244502395391464
13100,0.1,6.406731605529785,0.04778587445616722
13200,0.1,6.406481742858887,0.04775846749544144
13300,0.1,6.406310081481934,0.04772796109318733
13400,0.1,6.406219005584717,0.04778231307864189
13500,0.1,6.406012535095215,0.04768536984920502
13600,0.1,6.405868053436279,0.047678545117378235
13700,0.1,6.4057769775390625,0.04767075553536415
13800,0.1,6.405722618103027,0.04764199256896973
13900,0.1,6.405648708343506,0.04763411357998848
14000,0.1,6.405590057373047,0.04762507230043411
14100,0.1,6.405547142028809,0.04769765958189964
14200,0.1,6.405263900756836,0.04818054661154747
14300,0.1,6.4055094718933105,0.04764338210225105
14400,0.1,6.4052839279174805,0.047814831137657166
14500,0.1,6.405414581298828,0.04761841148138046
14600,0.1,6.405389308929443,0.04759468138217926
14700,0.1,6.405360221862793,0.04759495332837105
14800,0.1,6.405355453491211,0.04760915786027908
14900,0.1,6.405344009399414,0.04758772626519203
15000,0.1,6.4052734375,0.047609880566596985
15100,0.1,6.405323028564453,0.047584615647792816
15200,0.1,6.405265808105469,0.04761656001210213
15300,0.1,6.405980587005615,0.04880936071276665
15400,0.1,6.405298709869385,0.04758141562342644
15500,0.1,6.405299186706543,0.047579970210790634
15600,0.1,6.405613899230957,0.047928303480148315
15700,0.1,6.405279159545898,0.04758266359567642
15800,0.1,6.405277729034424,0.047578368335962296
15900,0.1,6.405289649963379,0.047578364610672
16000,0.1,6.4052276611328125,0.04759613052010536
16100,0.1,6.405259132385254,0.047579362988471985
16200,0.1,6.405271530151367,0.04757586866617203
16300,0.1,6.405185222625732,0.04764357954263687
16400,0.1,6.40526008605957,0.047575149685144424
16500,0.1,6.405269145965576,0.04757466912269592
16600,0.1,6.405273914337158,0.047576870769262314
16700,0.1,6.405203819274902,0.04764953628182411
16800,0.1,6.405250549316406,0.04757390171289444
16900,0.1,6.40524435043335,0.04757390171289444
17000,0.1,6.405240058898926,0.047584448009729385
17100,0.1,6.405246257781982,0.047572504729032516
17200,0.1,6.405240058898926,0.04757760837674141
17300,0.1,6.40524959564209,0.047572456300258636
17400,0.1,6.405250549316406,0.04757131636142731
17500,0.1,6.405144214630127,0.04766775667667389
17600,0.1,6.405242919921875,0.047570791095495224
17700,0.1,6.405241012573242,0.04767940193414688
17800,0.1,6.405110836029053,0.047693800181150436
17900,0.1,6.405324935913086,0.047802843153476715
18000,0.1,6.4052557945251465,0.04756852611899376
18100,0.1,6.405271053314209,0.048456624150276184
18200,0.1,6.405237197875977,0.04756873846054077
18300,0.1,6.405113220214844,0.047811657190322876
18400,0.1,6.405215263366699,0.04759049043059349
18500,0.1,6.40515661239624,0.047622933983802795
18600,0.1,6.405102729797363,0.04777248576283455
18700,0.1,6.4052228927612305,0.04757336154580116
18800,0.1,6.405200958251953,0.047603994607925415
18900,0.1,6.405204772949219,0.04757663235068321
19000,0.1,6.405229091644287,0.04757459834218025
19100,0.1,6.405257225036621,0.04756495729088783
19200,0.1,6.405240058898926,0.04756841063499451
19300,0.1,6.405237197875977,0.047565631568431854
19400,0.1,6.405462265014648,0.04779568687081337
19500,0.1,6.405229091644287,0.0475781075656414
19600,0.1,6.4052629470825195,0.04763379320502281
19700,0.1,6.405430793762207,0.04779224470257759
19800,0.1,6.405233383178711,0.04756545647978783
19900,0.1,6.405256271362305,0.04756540060043335
